{"is_source_file": true, "format": "HTML", "description": "This is an HTML file that serves as the main frontend interface for a database viewer application. It contains the structure, styles, and client-side JavaScript code to browse databases, tables, and display table data dynamically.", "external_files": ["/api/databases", "/api/{db}/tables", "/api/{db}/tables/{tableName}/data"], "external_methods": ["fetch", "JSON.stringify", "JSON.parse"], "published": [], "classes": [], "methods": [{"name": "loadDatabases", "description": "Loads the list of available databases and populates the sidebar."}, {"name": "refreshDatabases", "description": "Refreshes the database list by re-fetching from the server."}, {"name": "toggleDatabase", "description": "Expands or collapses a particular database to show its tables."}, {"name": "loadTables", "description": "Fetches and displays the list of tables in a selected database."}, {"name": "loadTableData", "description": "Loads and displays data from a selected table."}, {"name": "renderTable", "description": "Renders HTML table for given data."}, {"name": "renderCell", "description": "Renders individual table cell content based on data type and length."}, {"name": "expandCell", "description": "Expands or collapses a cell to show full content if truncated."}], "calls": ["fetchData('/api/databases')", "fetchData(`/api/${db}/tables`)", "fetchData(`/api/${db}/tables/${tableName}/data?limit=50`)", "JSON.stringify()", "JSON.parse()"], "search-terms": ["database viewer", "frontend HTML layout", "dynamic table rendering", "expand/collapse cell", "fetch database list", "load table data", "interactive sidebar", "responsive CSS layout"], "state": 2, "file_id": 6, "knowledge_revision": 16, "git_revision": "5e0705b85c332c088c6e114d0165b3e2fa6946bf", "hash": "ee63333a4841bf025439c755a74c9881", "format-version": 4, "code-base-name": "database", "filename": "database/db_visualizer/public/index.html", "revision_history": [{"16": "5e0705b85c332c088c6e114d0165b3e2fa6946bf"}]}