{"is_source_file": true, "format": "bash", "description": "A bash script for automating database backups of various database systems (SQLite, PostgreSQL, MySQL, MongoDB). It detects the running database and performs appropriate backup commands, supporting multiple configurations and fallback mechanisms.", "external_files": ["/usr/lib/postgresql/", "/var/run/mysqld/mysqld.sock"], "external_methods": ["ls", "sudo", "pg_isready", "mongosh", "mysqladmin", "mysql", "mysqldump"], "published": [], "classes": [], "methods": [], "calls": ["ls", "echo", "cp", "exit", "sudo", "pg_isready", "mongosh", "mysqladmin", "mysql", "mysqldump"], "search-terms": ["backup_db.sh", "database backup script", "SQLite backup", "PostgreSQL backup", "MySQL backup", "MongoDB backup", "database detection", "socket connection", "port detection"], "state": 2, "file_id": 8, "knowledge_revision": 13, "git_revision": "5e0705b85c332c088c6e114d0165b3e2fa6946bf", "hash": "d7da372b768c895a33088027314656c3", "format-version": 4, "code-base-name": "database", "filename": "database/backup_db.sh", "revision_history": [{"13": "5e0705b85c332c088c6e114d0165b3e2fa6946bf"}]}