{"is_source_file": true, "format": "bash script", "description": "This file is a shell script that automates the process of restoring various types of databases (SQLite, PostgreSQL, MySQL, MongoDB) from backup files. It detects the presence of specific backup files and the running state of database servers to perform the appropriate restore commands.", "external_files": ["database_backup.db", "database_backup.sql", "database_backup.archive"], "external_methods": ["cp", "ls", "sudo -u postgres pg_isready", "psql", "mysqladmin", "mysql", "mongosh", "mongorestore"], "published": ["DB_NAME", "DB_USER", "DB_PASSWORD", "DB_PORT"], "classes": [], "methods": [], "calls": ["cp", "ls", "sudo -u postgres pg_isready", "psql", "mysqladmin ping", "mysql -h", "mysqladmin ping", "mysql", "mongosh --port", "mongorestore"], "search-terms": ["restore_db", "database_restore_script", "backup_detection", "sqlite_restore", "postgres_restore", "mysql_restore", "mongodb_restore", "database backup files"], "state": 2, "file_id": 3, "knowledge_revision": 14, "git_revision": "5e0705b85c332c088c6e114d0165b3e2fa6946bf", "hash": "d42c3e6cbc3bbd627e3c08afcf4183ec", "format-version": 4, "code-base-name": "database", "filename": "database/restore_db.sh", "revision_history": [{"14": "5e0705b85c332c088c6e114d0165b3e2fa6946bf"}]}